Data set,Field-Weighted Citation Impact vs Publication Year
Entities,"Iran, Israel, Netherlands, Singapore, South Korea, Taiwan, Turkey"
Year range,1996 to 2024
Subject classification,"ASJC"
Filtered by,"Computer Science"

Data source,Scopus
Date last updated,8 April 2026
Date exported,19 April 2026
Metric name,Self-citations,Types of publications included,Other options
"Field-Weighted Citation Impact","included","All publication types","-"

Entity,Tags,"Field-Weighted Citation Impact",
,,Overall,1996,1997,1998,1999,2000,2001,2002,2003,2004,2005,2006,2007,2008,2009,2010,2011,2012,2013,2014,2015,2016,2017,2018,2019,2020,2021,2022,2023,2024,
"Iran",,1.05,0.50,0.68,0.73,0.46,0.61,0.77,0.62,0.57,0.64,0.64,0.67,0.74,0.78,0.84,0.83,0.85,0.84,0.90,0.99,1.00,0.99,0.96,1.14,1.21,1.24,1.23,1.24,1.26,1.26
"Israel",,1.56,1.51,1.33,1.48,1.39,1.51,1.62,1.63,1.67,1.59,1.61,1.61,1.64,1.83,1.84,1.95,1.74,1.61,1.56,1.74,1.64,1.65,1.45,1.45,1.40,1.28,1.33,1.63,1.52,1.22
"Netherlands",,1.52,1.27,1.26,1.47,1.35,1.54,1.40,1.47,1.55,1.53,1.66,1.74,1.65,1.62,1.62,1.66,1.63,1.69,1.60,1.55,1.64,1.70,1.55,1.46,1.47,1.32,1.41,1.42,1.38,1.37
"Singapore",,1.83,0.89,0.78,1.01,0.79,0.76,0.97,0.93,1.11,1.17,1.20,1.22,1.25,1.38,1.59,1.63,1.69,1.73,1.80,1.74,1.85,1.88,1.78,1.97,2.38,2.17,2.19,2.34,2.39,2.34
"South Korea",,1.00,0.61,0.62,0.69,0.58,0.73,0.78,0.80,0.80,0.71,0.71,0.72,0.80,0.84,0.87,0.95,0.83,0.90,0.83,0.88,0.92,0.90,1.01,1.09,1.18,1.16,1.17,1.27,1.21,1.22
"Taiwan",,0.91,0.78,0.72,0.73,0.70,0.72,0.79,0.83,0.89,0.94,0.86,0.94,0.91,0.96,0.90,0.86,0.91,0.81,0.74,0.79,0.79,0.79,0.80,0.90,0.91,1.11,1.03,1.09,1.11,1.06
"Turkey",,1.11,0.92,0.83,0.72,0.62,0.74,0.84,0.73,0.99,0.98,0.93,0.91,1.11,1.10,1.18,1.04,1.20,1.03,1.08,0.88,1.00,1.04,0.90,0.99,1.12,1.22,1.23,1.18,1.26,1.27



"© 2026 Elsevier B.V. All rights reserved. SciVal, RELX Group and the RE symbol are trade marks of RELX Intellectual Properties SA, used under license."