Data set,International Collaboration (%) vs Publication Year
Entities,"Iran, Israel, Netherlands, Singapore, South Korea, Taiwan, Turkey"
Year range,1996 to 2024
Subject classification,"ASJC"
Filtered by,"All subject areas"

Data source,Scopus
Date last updated,8 April 2026
Date exported,19 April 2026
Metric name,Self-citations,Types of publications included,Other options
"International Collaboration (%)","-","All publication types","-"

Entity,Tags,"International Collaboration (%)",
,,Overall,1996,1997,1998,1999,2000,2001,2002,2003,2004,2005,2006,2007,2008,2009,2010,2011,2012,2013,2014,2015,2016,2017,2018,2019,2020,2021,2022,2023,2024,
"Iran",,25.4,32.8,28.5,31.2,23.7,24.5,21.3,21.0,23.5,22.7,21.9,19.4,19.4,17.7,17.5,17.4,16.5,17.6,19.5,19.4,20.1,19.8,21.9,24.2,26.3,29.6,32.2,33.4,33.5,33.6
"Israel",,43.4,32.4,32.5,34.0,34.3,33.5,33.7,33.6,38.0,37.4,38.5,38.1,39.2,39.6,39.8,41.7,43.7,42.4,43.1,44.1,46.5,46.8,46.3,48.1,48.9,50.3,49.2,49.8,50.5,51.5
"Netherlands",,52.8,31.0,33.6,34.0,35.0,36.5,35.6,37.4,43.0,44.3,43.4,44.2,45.2,45.8,46.3,48.0,48.9,50.9,51.8,53.8,55.8,57.3,58.3,60.2,61.5,62.9,63.1,63.9,63.4,64.7
"Singapore",,56.3,26.8,26.2,27.3,24.9,26.4,27.2,29.4,35.0,35.5,37.4,41.2,43.6,44.7,47.0,48.0,50.5,52.3,54.9,57.5,58.7,58.9,61.0,63.9,66.0,67.2,67.1,68.8,71.2,73.4
"South Korea",,27.9,24.0,22.5,23.2,20.6,20.9,20.4,22.6,25.2,25.1,25.8,25.0,24.6,24.9,24.6,25.0,25.7,26.2,26.4,26.2,26.4,27.1,27.3,28.5,28.6,30.2,31.0,32.5,33.4,35.5
"Taiwan",,27.4,17.9,16.5,15.8,14.5,15.6,15.4,15.8,17.9,17.6,17.1,17.1,18.3,19.7,19.3,19.6,19.9,21.2,22.5,24.2,27.4,29.4,32.1,34.8,36.9,40.9,41.5,42.1,42.1,43.2
"Turkey",,22.3,16.0,15.4,16.3,15.4,17.2,14.9,14.6,16.3,16.7,15.8,15.5,15.5,16.2,15.9,16.4,16.9,18.9,19.1,19.2,20.1,21.2,22.8,23.8,23.6,25.7,26.3,28.1,29.6,31.2



"© 2026 Elsevier B.V. All rights reserved. SciVal, RELX Group and the RE symbol are trade marks of RELX Intellectual Properties SA, used under license."