country,period,avg_outputs,avg_fwci,avg_international_collaboration_pct
Iran,1996-2005,,,
Iran,2006-2015,,,
Iran,2016-2024,,,
Iran,1996-2024,,,
South Korea,1996-2005,,,
South Korea,2006-2015,,,
South Korea,2016-2024,,,
South Korea,1996-2024,,,
Taiwan,1996-2005,,,
Taiwan,2006-2015,,,
Taiwan,2016-2024,,,
Taiwan,1996-2024,,,
Turkey,1996-2005,,,
Turkey,2006-2015,,,
Turkey,2016-2024,,,
Turkey,1996-2024,,,
Israel,1996-2005,,,
Israel,2006-2015,,,
Israel,2016-2024,,,
Israel,1996-2024,,,
Netherlands,1996-2005,,,
Netherlands,2006-2015,,,
Netherlands,2016-2024,,,
Netherlands,1996-2024,,,
Singapore,1996-2005,,,
Singapore,2006-2015,,,
Singapore,2016-2024,,,
Singapore,1996-2024,,,
